Largeur,Hauteur
1504,1129
1024,768
1024,768
1504,1129
1024,768
3008,2000
4288,2848
6602,4402
3024,2016
4288,2848
3872,2592
1504,1129
1024,768
3872,2592
4288,2848
1024,768
3024,2016
4288,2848
1024,768
3008,2000
6708,4439
3008,2000
1024,768
1024,768
1024,768
959,723
824,719
833,680
3008,2000
4288,2848
6642,4441
1024,768
962,674
4288,2848
6688,4439
3072,2304
3008,2000
4288,2848
3008,2000
3872,2592
767,576
4288,2848
3008,2000
3072,2304
4288,2848
2601,1909
1024,768
4288,2848
3072,2304
1024,768
3008,2000
3008,2000
2583,2096
4288,2848
4288,2848
2592,1936
3024,2016
1024,768
2048,1536
1024,768
2048,1536
4288,2848
3008,2000
4288,2848
6580,4401
4288,2848
6640,4420
3024,2016
1502,1043
1502,1051
4288,2848
3008,2000
1064,702
3024,2016
4288,2848
3024,2016
4288,2848
3024,2016
722,542
3024,2016
6648,4439
6688,4439
4288,2848
1057,704
1024,768
4288,2848
4256,2848
3872,2592
4288,2848
4288,2848
6641,4420
4288,2848
3872,2592
4288,2848
1024,768
4288,2848
3024,2016
6602,4361
2592,1936
4288,2848
4288,2848
2048,1536
3008,2000
3872,2592
3008,2000
3072,2304
1024,768
3072,2304
3008,2000
4288,2848
4288,2848
6648,4459
1024,768
4288,2848
6647,4439
3072,2304
3008,2000
3072,2304
767,576
3008,2000
4288,2848
3872,2592
767,576
3072,2304
3008,2000
4288,2848
4288,2848
4288,2848
3008,2000
6662,4420
1024,768
1024,768
1024,768
6708,4439
3872,2592
3008,2000
6648,4419
824,719
960,645
1024,768
4288,2848
964,672
4288,2848
824,719
4288,2848
1024,768
6668,4439
6688,4459
1024,768
1024,768
3008,2000
6688,4439
1024,768
3008,2000
4288,2848
4288,2848
1024,768
6648,4419
3872,2592
4288,2848
3024,2016
1024,768
1504,1129
1024,768
3024,2016
3008,2000
1503,1129
6602,4382
1024,768
1024,768
1504,1129
1504,1129
1504,1129
1024,768
1024,768
6648,4399
3008,2000
6648,4419
1024,768
1024,768
3024,2016
1024,768
3008,2000
6748,4439
1024,768
4288,2848
1024,768
1024,768
6708,4439
1024,768
962,674
824,719
3008,2000
4288,2848
824,719
1024,768
1024,768
957,640
1024,768
4288,2848
6668,4418
6648,4459
3872,2592
1024,768
1502,1016
4288,2848
3008,2000
3008,2000
4288,2848
3008,2000
4288,2848
767,576
4288,2848
3008,2000
3872,2592
3072,2304
767,576
4288,2848
2530,2122
6648,4439
4288,2848
4288,2848
6608,4399
3008,2000
3072,2304
1024,768
3008,2000
4288,2848
3008,2000
2304,1536
3072,2304
1024,768
4288,2848
4288,2848
2048,1536
4288,2848
4288,2848
1024,768
2592,1944
4288,2848
4288,2848
3008,2000
6622,4401
4288,2848
6668,4419
3008,2000
6648,4459
1045,705
1024,768
1024,768
1502,1051
6628,4399
6668,4459
4288,2848
6668,4459
4288,2848
722,543
6620,4401
6642,4401
1024,768
1057,707
6641,4420
4288,2848
4288,2848
1024,768
2592,1944
1024,768
4288,2848
2592,1936
6648,4439
4288,2848
4288,2848
4288,2848
2048,1536
3872,2592
3008,2000
3072,2304
2304,1536
3072,2304
3008,2000
4288,2848
3072,2304
3872,2592
4288,2848
767,576
767,576
3872,2592
3008,2000
3008,2000
3072,2304
3872,2592
3024,2016
6648,4439
962,674
6627,4459
4288,2848
1024,768
4288,2848
4288,2848
853,680
3008,2000
957,723
1024,768
1024,768
962,723
1024,768
4288,2848
1024,768
6708,4439
6688,4459
1024,768
1024,768
1024,768
1024,768
6668,4419
3008,2000
6622,4421
3008,2000
1024,768
3024,2016
1024,768
1024,768
1504,1129
3024,2016
1024,768
3024,2016
3008,2000
6622,4420
4288,2848
1024,768
6688,4419
1024,768
4288,2848
3872,2592
6648,4419
1024,768
1504,1129
6582,4382
6668,4439
3008,2000
1504,1129
6694,4477
1024,768
4288,2848
3008,2000
1024,768
3008,2000
1024,768
4288,2848
4288,2848
1024,768
722,542
6628,4439
3872,2592
6641,4420
4288,2848
3872,2592
1024,768
724,542
962,671
1024,768
3024,2016
3008,2000
824,719
6668,4439
6668,4439
4288,2848
6648,4439
4288,2848
4288,2848
3072,2304
3872,2592
767,576
767,576
3008,2000
3008,2000
4288,2848
3072,2304
3872,2592
3872,2592
1024,768
2314,2067
3872,2592
3872,2592
3008,2000
1024,768
2565,2000
3008,2000
6688,4479
3024,2016
4288,2848
3024,2016
6661,4422
2592,1944
1024,768
4288,2848
4288,2848
3008,2000
4288,2848
4288,2848
963,629
1024,768
6648,4419
3008,2000
6628,4439
6668,4439
1024,768
1024,768
1502,1051
3008,2000
6648,4419
6668,4439
6668,4439
4288,2848
2048,1536
6661,4420
1024,768
2048,1536
3008,2000
2592,1936
3008,2000
6681,4402
4288,2848
1024,768
6642,4441
4288,2848
3072,2304
1024,768
4288,2848
3008,2000
3008,2000
4288,2848
3008,2000
3872,2592
2117,1988
1024,768
3008,2000
767,576
3008,2000
4288,2848
3008,2000
3072,2304
767,576
3008,2000
767,576
4288,2848
6648,4439
4288,2848
3008,2000
4288,2848
962,674
3024,2016
824,719
3008,2000
4288,2848
3008,2000
679,566
962,676
1024,768
3072,2304
4288,2848
6628,4419
3008,2000
1502,1051
1024,768
4288,2848
4288,2848
3872,2592
1024,768
4288,2848
1024,768
6668,4439
1024,768
1504,1129
1024,768
4288,2848
3008,2000
1504,1129
1024,768
6602,4401
1024,768
1024,768
1024,768
4288,2848
6668,4419
1024,768
6687,4439
4288,2848
1022,767
1024,768
1024,768
1024,768
1504,1129
4288,2848
3872,2592
3008,2000
1024,768
1504,1129
1024,768
1024,768
1024,768
1024,768
3872,2592
6688,4439
3008,2000
1024,768
3008,2000
4288,2848
6648,4439
3072,2304
1024,768
6601,4382
6620,4380
3024,2016
824,719
966,645
6601,4382
3072,2304
1024,768
1024,768
824,719
4288,2848
6607,4419
4288,2848
3072,2304
3872,2592
3024,2016
3008,2000
4288,2848
4288,2848
767,576
3872,2592
3008,2000
3024,2016
3008,2000
3008,2000
4288,2848
3008,2000
1024,768
1024,768
3072,2304
1024,768
2101,1943
4288,2848
6642,4422
3008,2000
3024,2016
4288,2848
4288,2848
2048,1536
1024,768
4288,2848
6688,4419
3872,2592
3008,2000
1024,768
4288,2848
2816,2112
4288,2848
6668,4439
1502,1051
4288,2848
6628,4419
6628,4419
1079,705
6648,4459
1502,1051
3008,2000
1494,1036
6648,4419
4288,2848
3872,2592
2592,1936
4288,2848
2048,1536
1024,768
2048,1536
4288,2848
4288,2848
3008,2000
4288,2848
6621,4420
4288,2848
3872,2592
6661,4401
3008,2000
722,542
2155,1958
3008,2000
3008,2000
1024,768
3008,2000
767,576
4288,2848
4288,2848
3008,2000
3072,2304
3072,2304
3008,2000
767,576
4288,2848
3072,2304
4288,2848
1024,768
3872,2592
4288,2848
3008,2000
3008,2000
1024,768
3008,2000
824,719
959,634
6601,4382
3008,2000
1024,768
1024,768
3008,2000
4288,2848
6648,4439
1024,768
1024,768
6708,4439
6695,4497
3008,2000
1024,768
1024,768
6708,4459
3008,2000
6641,4440
1504,1129
1024,768
1504,1129
1024,768
4288,2848
1024,768
6648,4419
3872,2592
1024,768
1022,767
1024,768
4288,2848
1024,768
1024,768
1024,768
1504,1129
1024,768
3008,2000
3008,2000
6668,4439
3008,2000
3008,2000
4288,2848
4288,2848
1504,1129
1024,768
6708,4459
1024,768
6642,4422
3008,2000
3008,2000
1024,768
4288,2848
2048,1536
6641,4420
6661,4441
2048,1536
3872,2592
4288,2848
1024,768
6688,4459
1024,768
919,802
3008,2000
3872,2592
3872,2592
3024,2016
1024,768
1024,768
1024,768
1024,768
1024,768
4288,2848
2304,1536
4288,2848
796,682
3008,2000
1024,768
4288,2848
6682,4441
4288,2848
1024,768
1024,768
1024,768
3008,2000
3008,2000
1024,768
2592,1936
3008,2000
3072,2304
4288,2848
767,576
767,576
1024,768
3008,2000
3072,2304
3008,2000
4288,2848
4288,2848
919,802
4288,2848
4288,2848
919,802
1024,768
3872,2592
1024,768
2048,1536
3008,2000
1024,768
4288,2848
4288,2848
2592,1936
1024,768
2048,1536
4288,2848
3008,2000
3008,2000
3008,2000
2592,1936
3024,2016
1024,768
3872,2592
4288,2848
1024,768
4288,2848
6642,4422
6642,4422
6621,4401
3008,2000
4288,2848
3008,2000
3872,2592
6648,4439
3872,2592
1024,768
1024,768
6708,4439
4288,2848
3872,2592
4288,2848
3872,2592
1024,768
2048,1536
1024,768
4288,2848
6688,4439
2048,1536
1024,768
4288,2848
1024,768
4288,2848
919,802
919,802
4288,2848
1024,768
767,576
4288,2848
4288,2848
4288,2848
4288,2848
3008,2000
1024,768
767,576
3072,2304
4288,2848
4288,2848
1028,753
767,576
3008,2000
1024,768
1024,768
4288,2848
2592,1936
3008,2000
1024,768
3008,2000
4288,2848
3008,2000
1024,768
1024,768
2304,1536
1024,768
1024,768
824,719
4288,2848
3008,2000
919,802
1024,768
1024,768
1024,768
4288,2848
1024,768
6661,4441
6661,4422
4288,2848
3008,2000
6622,4421
4288,2848
1024,768
1024,768
6688,4439
6668,4439
3008,2000
6642,4421
6628,4399
6668,4439
1024,768
1504,1129
4288,2848
4288,2848
4288,2848
1504,1129
3024,2016
3008,2000
6648,4399
3008,2000
1504,1129
6648,4419
3008,2000
3872,2592
1504,1129
1024,768
3008,2000
4288,2848
4288,2848
6708,4459
1504,1129
3024,2016
2048,1536
4288,2848
6641,4420
2592,1944
1024,768
1024,768
824,719
576,768
4288,2848
2304,1536
3024,2016
1024,768
1024,768
3072,2304
4288,2848
919,802
3008,2000
1024,768
3008,2000
6681,4401
3008,2000
2592,1936
1024,768
3008,2000
3024,2016
4288,2848
767,576
3008,2000
4288,2848
4288,2848
2283,1824
3024,2016
1024,768
6601,4380
919,802
919,802
1024,768
4288,2848
4288,2848
4288,2848
4288,2848
4288,2848
1019,717
3872,2592
1024,768
4288,2848
4288,2848
1024,768
2048,1536
3872,2592
4288,2848
1024,768
4288,2848
1024,768
2048,1536
4288,2848
2048,1536
1024,768
3872,2592
3872,2592
4288,2848
4288,2848
3872,2592
4288,2848
1024,768
3008,2000
1024,768
1024,768
6622,4441
3008,2000
4288,2848
4288,2848
1024,768
6661,4461
6661,4461
4288,2848
6640,4420
1024,768
4288,2848
4288,2848
6688,4459
1024,768
3008,2000
3008,2000
4288,2848
1024,768
4288,2848
1024,768
4288,2848
4288,2848
6688,4439
3872,2592
3008,2000
4288,2848
1024,768
2592,1936
1024,768
2048,1536
1024,768
4288,2848
4288,2848
2592,1936
4288,2848
3008,2000
1024,768
3872,2592
3024,2016
4288,2848
1024,768
919,802
3872,2592
4288,2848
4288,2848
1024,768
3024,2016
4288,2848
6681,4422
767,576
4288,2848
4288,2848
4288,2848
3008,2000
767,576
3872,2592
3872,2592
3008,2000
2592,1936
1024,768
4288,2848
3008,2000
3008,2000
1019,717
1024,768
1024,768
1024,768
4288,2848
4288,2848
3072,2304
824,719
4288,2848
6662,4422
2304,1536
576,768
1024,768
1024,768
1024,768
6708,4439
6621,4441
2048,1536
3008,2000
2048,1536
1024,768
6682,4441
6688,4459
3024,2016
1504,1129
4288,2848
6688,4419
3024,2016
1024,768
3008,2000
3008,2000
1024,768
1024,768
1504,1129
1504,1129
4288,2848
4288,2848
3008,2000
6628,4399
962,722
1024,768
4288,2848
4288,2848
4288,2848
1024,768
3872,2592
4288,2848
4288,2848
1024,768
1504,1129
1024,768
1504,1129
4288,2848
6668,4439
4288,2848
1024,768
1024,768
6668,4459
6642,4422
2048,1536
4288,2848
3008,2000
3008,2000
1024,768
6688,4439
6641,4441
1024,768
3008,2000
3024,2016
3872,2592
919,802
1024,768
6681,4422
3024,2016
3072,2304
1024,768
3008,2000
4288,2848
919,802
919,802
3008,2000
6662,4422
1024,768
3024,2016
767,576
1024,768
1024,768
5184,3456
1024,768
1024,768
3008,2000
1024,768
4288,2848
1024,768
4288,2848
767,576
3008,2000
4288,2848
4288,2848
4288,2848
3072,2304
4288,2848
767,576
3008,2000
1024,768
4288,2848
919,802
3008,2000
919,802
1024,768
3008,2000
4288,2848
4288,2848
4288,2848
4288,2848
2048,1536
1024,768
3872,2592
2592,1936
4288,2848
2048,1536
1024,768
2048,1536
1024,768
4288,2848
1024,768
4288,2848
6620,4420
4288,2848
6642,4422
4288,2848
1024,768
1024,768
4288,2848
4288,2848
1024,768
1024,768
3024,2016
6642,4441
4288,2848
4288,2848
6661,4420
1024,768
2272,1704
4288,2848
2592,1936
3008,2000
1024,768
2048,1536
2048,1536
3008,2000
1024,768
6681,4440
6708,4439
4288,2848
919,802
4288,2848
919,802
3024,2016
3072,2304
767,576
767,576
4288,2848
4288,2848
6602,4380
1024,768
4288,2848
919,802
3008,2000
1024,768
1024,768
3008,2000
2592,1936
4288,2848
4288,2848
1007,711
576,768
3008,2000
2304,1536
4288,2848
1024,768
919,802
3008,2000
3072,2304
4288,2848
3008,2000
4288,2848
1024,768
1024,768
1024,768
3872,2592
3008,2000
2048,1536
1024,768
3872,2592
6641,4441
6708,4459
6621,4401
2048,1536
4288,2848
3024,2016
6688,4459
6688,4459
1024,768
3008,2000
4288,2848
1504,1129
1024,768
3008,2000
6642,4420
1024,768
1504,1129
4288,2848
1024,768
3872,2592
3872,2592
4288,2848
6641,4422
3008,2000
1024,768
1022,767
4288,2848
1024,768
6681,4420
6668,4459
4288,2848
1504,1129
3008,2000
4288,2848
4288,2848
4288,2848
1024,768
1504,1129
3008,2000
1024,768
6688,4459
4288,2848
4288,2848
2592,1944
1024,768
2048,1536
6641,4421
3024,2016
4288,2848
3008,2000
3008,2000
1024,768
3872,2592
6681,4441
576,768
1011,713
3008,2000
4288,2848
4288,2848
1016,682
1024,768
1024,768
1024,768
3008,2000
3872,2592
1024,768
5184,3456
4288,2848
1024,768
6602,4380
3008,2000
1024,768
3072,2304
2012,1956
767,576
3008,2000
3872,2592
3024,2016
3008,2000
919,802
919,802
2304,1536
4288,2848
6708,4459
3008,2000
6708,4439
1024,768
1024,768
1024,768
6668,4459
3008,2000
2592,1936
1024,768
3872,2592
2048,1536
3872,2592
4288,2848
2048,1536
1024,768
1024,768
4288,2848
6642,4420
1024,768
4288,2848
4288,2848
4288,2848
4288,2848
1024,768
3872,2592
1024,768
3008,2000
6642,4420
2048,1536
4288,2848
4288,2848
3008,2000
1024,768
1024,768
2592,1936
2048,1536
1024,768
3008,2000
2592,1936
4288,2848
1024,768
3008,2000
2304,1536
919,802
4288,2848
919,802
3008,2000
3872,2592
3024,2016
4288,2848
767,576
4288,2848
1024,768
4288,2848
1024,768
4288,2848
767,576
3008,2000
3872,2592
4288,2848
1024,768
1024,768
3872,2592
919,802
4288,2848
3008,2000
3008,2000
4288,2848
1024,768
1024,768
1024,768
1024,768
1024,768
1024,768
4288,2848
3008,2000
3008,2000
2048,1536
6642,4420
6600,4401
2048,1536
1024,768
6688,4439
1024,768
1504,1129
3008,2000
6688,4439
6640,4420
3008,2000
4288,2848
4288,2848
4288,2848
1504,1129
1024,768
1024,768
3024,2016
6621,4441
1024,768
962,722
6648,4439
3008,2000
1022,767
1024,768
1024,768
6688,4439
6668,4419
3872,2592
3024,2016
3008,2000
4288,2848
3008,2000
1024,768
2048,1536
6688,4439
6648,4479
3008,2000
3008,2000
3008,2000
2592,1936
919,802
1024,768
2304,1536
3008,2000
4288,2848
1024,768
1024,768
919,802
6681,4422
1024,768
3008,2000
4288,2848
1024,768
4288,2848
1024,768
4288,2848
3872,2592
3008,2000
4288,2848
1024,768
3024,2016
919,802
767,576
1024,768
3008,2000
3008,2000
1024,768
3008,2000
6641,4422
4288,2848
1024,768
767,576
4288,2848
919,802
3008,2000
1024,768
4288,2848
4288,2848
1024,768
2816,2112
1024,768
4288,2848
4288,2848
2592,1936
1024,768
3008,2000
2048,1536
4288,2848
4288,2848
6708,4439
4288,2848
3008,2000
2592,1936
3872,2592
6688,4439
4288,2848
3872,2592
3872,2592
6641,4441
6668,4439
6642,4440
1024,768
6621,4401
3008,2000
1024,768
4288,2848
4288,2848
3008,2000
4288,2848
6641,4402
1024,768
6688,4459
6708,4439
4288,2848
1024,768
4288,2848
1024,768
2048,1536
6688,4439
4288,2848
2592,1936
4288,2848
1024,768
3008,2000
1024,768
919,802
4288,2848
767,576
3008,2000
4288,2848
919,802
4288,2848
767,576
1024,768
4288,2848
3008,2000
4288,2848
4288,2848
1024,768
4288,2848
6682,4401
1024,768
1936,1296
3008,2000
6641,4400
3872,2592
1024,768
6621,4420
3008,2000
1024,768
3008,2000
2592,1936
2304,1536
4288,2848
1024,768
1024,768
6688,4439
4288,2848
3872,2592
1024,768
2048,1536
4288,2848
6688,4419
3008,2000
6601,4401
6662,4440
3008,2000
1024,768
3008,2000
4288,2848
6688,4439
1024,768
4288,2848
1024,768
3008,2000
3872,2592
6648,4459
1022,767
962,722
3008,2000
6642,4401
1024,768
6642,4421
3008,2000
3024,2016
1504,1129
1024,768
3008,2000
6621,4420
3008,2000
6641,4402
1504,1129
1024,768
1024,768
4288,2848
1024,768
3008,2000
6688,4439
6608,4399
6688,4459
6622,4441
3024,2016
1024,768
919,802
3008,2000
3008,2000
1024,768
1024,768
3008,2000
919,802
3008,2000
1008,711
1024,768
4288,2848
6662,4422
3024,2016
1024,768
3872,2592
3008,2000
3008,2000
767,576
919,802
3008,2000
767,576
6621,4401
919,802
4288,2848
6601,4380
4288,2848
1024,768
3072,2304
1024,768
4288,2848
1024,768
2048,1536
4288,2848
4288,2848
3008,2000
2592,1936
3872,2592
1024,768
4288,2848
4288,2848
2592,1936
2048,1536
2048,1536
3008,2000
1024,768
3872,2592
4288,2848
4288,2848
6641,4401
4288,2848
3008,2000
3008,2000
6681,4441
3008,2000
6708,4459
1024,768
6642,4441
3008,2000
1024,768
6688,4459
4288,2848
6642,4420
4288,2848
3008,2000
4288,2848
1024,768
4288,2848
4288,2848
4288,2848
2816,2112
3008,2000
4288,2848
2048,1536
4288,2848
2592,1944
3008,2000
4288,2848
3008,2000
6621,4422
3072,2304
3024,2016
4288,2848
6601,4382
4288,2848
6622,4441
1024,768
767,576
4288,2848
919,802
3024,2016
767,576
4288,2848
3008,2000
4288,2848
767,576
3008,2000
3872,2592
1024,768
6661,4401
3008,2000
4288,2848
3872,2592
1028,753
3008,2000
6682,4421
3008,2000
1024,768
919,802
2592,1936
3008,2000
919,802
1024,768
6680,4422
3008,2000
6687,4439
3008,2000
3008,2000
1024,768
3024,2016
6668,4459
6688,4439
1024,768
4288,2848
6642,4420
6641,4440
3872,2592
1504,1129
1024,768
6642,4421
3008,2000
6708,4439
1024,768
1504,1129
4288,2848
1024,768
1022,767
3008,2000
6628,4419
3008,2000
6641,4420
1504,1129
1024,768
1024,768
3008,2000
4288,2848
1022,767
1504,1129
6642,4401
3008,2000
6708,4419
1024,768
3008,2000
1024,768
6688,4439
3024,2016
1024,768
6688,4459
1024,768
3008,2000
4288,2848
824,719
3008,2000
3872,2592
1024,768
3008,2000
1024,768
1024,768
919,802
919,802
4288,2848
1024,768
1024,768
4288,2848
6642,4420
4288,2848
1024,768
1024,768
3872,2592
3024,2016
4288,2848
4288,2848
4288,2848
6621,4420
3024,2016
767,576
919,802
4288,2848
919,802
1024,768
767,576
3024,2016
3008,2000
1024,768
4288,2848
3024,2016
3024,2016
4288,2848
1024,768
3008,2000
6668,4459
4288,2848
2048,1536
4288,2848
3008,2000
4288,2848
1024,768
4288,2848
2272,1704
4288,2848
4288,2848
4288,2848
2048,1536
4288,2848
3008,2000
6681,4461
6688,4439
3008,2000
3008,2000
4288,2848
6642,4422
6622,4421
3008,2000
4288,2848
6642,4422
3008,2000
6622,4441
3008,2000
6661,4421
4288,2848
1024,768
4288,2848
1024,768
2272,1704
6688,4459
2048,1536
3872,2592
3024,2016
3008,2000
1024,768
4288,2848
4288,2848
3872,2592
1024,768
4288,2848
6708,4439
4288,2848
1024,768
919,802
4288,2848
767,576
1024,768
3008,2000
4288,2848
1024,768
4288,2848
6621,4402
4288,2848
919,802
4288,2848
3008,2000
1024,768
1024,768
3008,2000
3872,2592
3008,2000
6661,4441
4288,2848
4288,2848
1024,768
576,768
1024,768
3008,2000
3024,2016
919,802
3872,2592
824,719
1936,1936
1024,768
1024,768
1024,768
4288,2848
4288,2848
1024,768
6688,4439
3008,2000
6662,4441
6708,4439
3024,2016
1504,1129
4288,2848
6642,4420
3008,2000
4288,2848
1022,767
1024,768
3008,2000
1024,768
3024,2016
6621,4420
6641,4440
3008,2000
1504,1129
3008,2000
4288,2848
6641,4420
6621,4420
6668,4439
4288,2848
1504,1129
1024,768
6681,4441
3024,2016
3008,2000
6688,4439
2048,1536
2304,1536
6668,4419
3008,2000
3008,2000
4288,2848
2304,1536
3072,2304
3024,2016
3008,2000
6682,4442
3024,2016
1024,768
4288,2848
1024,768
1024,768
3008,2000
3008,2000
2592,1936
919,802
3008,2000
2592,1936
3008,2000
3008,2000
1024,768
1024,768
4288,2848
3024,2016
4288,2848
1024,768
6621,4401
4288,2848
767,576
1024,768
4288,2848
6681,4420
4288,2848
767,576
1024,768
3008,2000
4288,2848
919,802
3008,2000
767,576
4288,2848
4288,2848
1024,768
919,802
1024,768
4288,2848
4288,2848
2592,1936
1024,768
6648,4439
6688,4459
1024,768
4288,2848
2592,1936
4288,2848
4288,2848
2048,1536
1024,768
2048,1536
4288,2848
4288,2848
3008,2000
1024,768
4288,2848
1024,768
3008,2000
6622,4401
1024,768
4288,2848
3008,2000
3008,2000
4288,2848
4288,2848
3024,2016
6622,4441
6668,4439
1024,768
2048,1536
4288,2848
1024,768
2592,1936
4288,2848
4288,2848
1024,768
2048,1536
4288,2848
6668,4459
6621,4401
1024,768
919,802
1024,768
767,576
3008,2000
4288,2848
3008,2000
1024,768
767,576
3008,2000
4288,2848
4288,2848
4288,2848
6601,4401
3008,2000
1024,768
1024,768
767,576
4288,2848
4288,2848
2592,1936
1024,768
3872,2592
3024,2016
1024,768
919,802
1024,768
1024,768
1024,768
3008,2000
3008,2000
3024,2016
1024,768
1019,717
2592,1936
3008,2000
4288,2848
1024,768
1024,768
2304,1536
6681,4422
4288,2848
4288,2848
2304,1536
2048,1536
6668,4439
6648,4439
6668,4439
1024,768
4288,2848
1504,1129
1024,768
6682,4382
1504,1129
1024,768
3008,2000
3872,2592
3024,2016
6648,4439
3008,2000
3024,2016
1024,768
1022,767
1024,768
4288,2848
1024,768
6602,4401
3008,2000
3872,2592
6688,4459
1504,1129
1024,768
1024,768
4288,2848
4288,2848
1024,768
3008,2000
6728,4459
3008,2000
1024,768
6688,4439
1024,768
4288,2848
3872,2592
1024,768
1502,1051
3008,2000
4288,2848
722,542
6628,4399
1024,768
4288,2848
771,750
3024,2016
1024,768
3024,2016
4288,2848
6648,4439
767,576
3024,2016
1024,768
4288,2848
767,576
1024,768
4288,2848
6602,4361
3872,2592
3008,2000
3008,2000
3872,2592
1024,768
3008,2000
3008,2000
6668,4479
722,542
959,638
4288,2848
3008,2000
3008,2000
6642,4420
1024,768
4288,2848
4288,2848
3872,2592
4288,2848
6641,4401
3872,2592
4288,2848
6688,4419
6620,4420
1024,768
4288,2848
6648,4398
6668,4459
1024,768
4288,2848
3872,2592
6648,4439
6622,4401
1024,768
6648,4439
6641,4441
4288,2848
965,724
3024,2016
6661,4441
4288,2848
961,649
4288,2848
3008,2000
6688,4439
4288,2848
3008,2000
964,720
1024,768
3872,2592
1024,768
3872,2592
3008,2000
3008,2000
3872,2592
6602,4382
4288,2848
4288,2848
1024,768
767,576
4288,2848
3008,2000
6668,4439
3072,2304
1024,768
4288,2848
6688,4459
824,719
1024,768
3072,2304
3024,2016
6641,4420
6622,4380
1024,768
1024,768
3008,2000
6641,4441
4288,2848
718,542
1024,768
1062,701
1024,768
3072,2304
1024,768
6708,4439
3008,2000
6688,4439
1024,768
3008,2000
1024,768
6708,4459
4288,2848
1024,768
1024,768
3872,2592
1504,1129
1024,768
1022,767
3008,2000
6641,4400
4288,2848
1024,768
3008,2000
6641,4440
1024,768
1024,768
4288,2848
3008,2000
4288,2848
1022,767
1022,767
4288,2848
6622,4422
1024,768
3872,2592
3008,2000
1024,768
6627,4399
3008,2000
6681,4440
1024,768
6668,4439
3008,2000
4288,2848
1024,768
1024,768
6688,4399
3008,2000
1024,768
962,674
3008,2000
4288,2848
3024,2016
3008,2000
4288,2848
1024,768
4288,2848
1502,1026
6662,4422
3072,2304
4288,2848
1024,768
1024,768
3008,2000
6601,4401
6608,4419
3872,2592
767,576
1024,768
4288,2848
4288,2848
3072,2304
1024,768
6622,4402
4288,2848
767,576
4288,2848
3872,2592
3024,2016
6668,4439
3008,2000
4288,2848
1028,753
3008,2000
1024,768
1024,768
3872,2592
4288,2848
4288,2848
4288,2848
3008,2000
3024,2016
1024,768
965,624
1024,768
722,545
6642,4422
3008,2000
6715,4457
4288,2848
1024,768
6621,4420
6648,4439
725,542
3024,2016
1024,768
3024,2016
1024,768
4288,2848
6641,4440
3024,2016
718,542
4288,2848
3872,2592
4288,2848
6668,4439
4288,2848
1024,768
6640,4441
962,674
1024,768
6662,4440
3008,2000
6708,4439
3008,2000
4288,2848
722,542
4288,2848
1024,768
3872,2592
3872,2592
3008,2000
4288,2848
3008,2000
4288,2848
767,576
3072,2304
1024,768
767,576
4288,2848
1024,768
767,576
4288,2848
6648,4419
6607,4399
3008,2000
6601,4401
3024,2016
3072,2304
3024,2016
1456,1018
1024,768
722,542
1024,768
4288,2848
4288,2848
3024,2016
6688,4439
6708,4439
1024,768
1024,768
1024,768
1024,768
3008,2000
6648,4439
3024,2016
3008,2000
1024,768
4288,2848
1024,768
1022,767
1024,768
6622,4400
1024,768
1024,768
1024,768
1022,767
3872,2592
1024,768
1024,768
3008,2000
6688,4439
3008,2000
3024,2016
6668,4439
1024,768
1022,767
3008,2000
3008,2000
1024,768
4288,2848
6688,4459
4288,2848
1024,768
6668,4439
6668,4439
1024,768
1024,768
4288,2848
6688,4419
959,639
3008,2000
4288,2848
6602,4361
6688,4459
4288,2848
958,642
3024,2016
962,670
1024,768
4288,2848
6628,4399
3872,2592
3872,2592
4288,2848
3008,2000
639,602
6602,4400
767,576
6668,4459
4288,2848
4288,2848
4288,2848
1024,768
767,576
4288,2848
3008,2000
767,576
2597,2185
1024,768
3872,2592
3008,2000
4288,2848
3008,2000
3008,2000
4288,2848
4288,2848
3008,2000
4288,2848
3024,2016
3008,2000
4288,2848
964,640
4288,2848
6688,4419
4288,2848
944,1127
1024,768
4288,2848
1024,768
1502,1051
1024,768
4288,2848
4288,2848
6642,4421
3024,2016
1024,768
1502,1036
6628,4439
6628,4419
1024,768
1069,703
1024,768
965,649
6621,4422
3008,2000
6682,4401
1024,768
6682,4441
4288,2848
3024,2016
3872,2592
3008,2000
3872,2592
3072,2304
3072,2304
767,576
767,576
4288,2848
4288,2848
4288,2848
3872,2592
3008,2000
1043,705
4288,2848
4288,2848
3024,2016
4288,2848
3008,2000
1024,768
962,674
6581,4382
4288,2848
3008,2000
1024,768
962,641
1024,768
6682,4401
1024,768
6688,4439
4288,2848
1024,768
1024,768
6688,4439
3008,2000
6748,4499
1024,768
3008,2000
4288,2848
6608,4399
1022,767
1504,1129
1024,768
4288,2848
3008,2000
1024,768
1024,768
1024,768
1024,768
3872,2592
1504,1129
1024,768
4288,2848
1024,768
1022,767
4288,2848
4288,2848
1024,768
6668,4439
1024,768
1022,767
1024,768
1024,768
6688,4439
3872,2592
6708,4439
3008,2000
1024,768
1024,768
3008,2000
6662,4382
1024,768
1024,768
3008,2000
4288,2848
3024,2016
1502,1051
1024,768
959,638
4288,2848
4288,2848
4288,2848
3024,2016
6648,4459
6581,4382
3072,2304
1024,768
3024,2016
3008,2000
4288,2848
3072,2304
767,576
6648,4479
4288,2848
4288,2848
3008,2000
3072,2304
3872,2592
3008,2000
3008,2000
3008,2000
2048,1536
6621,4440
3008,2000
4288,2848
966,638
6668,4439
3008,2000
4288,2848
4288,2848
3008,2000
4288,2848
962,674
1024,768
4288,2848
6628,4419
6661,4402
3008,2000
4288,2848
6648,4459
6648,4439
4288,2848
6708,4439
1024,768
3008,2000
3008,2000
6642,4401
4288,2848
722,540
1024,768
4288,2848
1024,768
4288,2848
6688,4459
3008,2000
4288,2848
3872,2592
6668,4459
6708,4459
4288,2848
4288,2848
2816,2112
6682,4422
3008,2000
3872,2592
6668,4439
3024,2016
1028,753
3008,2000
3008,2000
2304,1536
3872,2592
3008,2000
4288,2848
4288,2848
6668,4439
1024,768
1024,768
2313,1985
2725,2082
3024,2016
3024,2016
6601,4380
6628,4419
4288,2848
3008,2000
4288,2848
4288,2848
4288,2848
1024,768
949,626
4288,2848
3008,2000
1024,768
1502,1051
4288,2848
3072,2304
1024,768
6608,4379
3008,2000
3872,2592
6601,4380
1024,768
6688,4439
6668,4439
1024,768
4288,2848
3024,2016
1024,768
3008,2000
6648,4459
6641,4400
1024,768
1022,767
1024,768
1022,767
1024,768
6602,4401
3872,2592
1504,1129
1024,768
4288,2848
6688,4439
